"","YO002","YO004","YO008","YO010","YO011","YO012","YO013","YO017","YO019","YO022","YO026","YO031","YO032","YO035","YO036","YO044","YO045","YO046","YO047","YO048","YO050","YO051","YO052","YO053","YO054","YO060","YO062","YO063","YO064","YO065","YO068","YO069","YO070","YO071","YO072","YO073","YO085","YO086","YO087","YO089","YO090","YO091","YO092","YO093","YO094","YO095","YO096","YO097","YO112","YO113","YO114","YO115","YO116","YO117","YO120","YO121","YO123","YO125","YO126","YO127","YO129","YO132","YO143","YO144","YO146","YO147","YO148","YO152","YO153","YO157","YO158","YO159","YO160","YO162","YO165","YO166","YO167","YO170","YO171","YO173","YO174","YO175","YO176","YO177","YO180","YO181","YO183","YO184","YO185","YO199","YO204","YO352","YO356","YO357","YO359","YO380"
"YO002",0,0,0,0.2,0,0.333333333333333,0,0,0,1,1,1,1,1,1,0,0,0,0,0,0,0,0,0,0,0,0,0,0,0,0,0,0,0,0,0,0,0,0,1,0,0,0,0,0,0,0,0,0,0,0,0,0,0,0,0,0,0,0,0,0,0,0,0,0,0,0,1,1,1,1,1,1,0.333333333333333,0,0,0,0,0,0,0,0.333333333333333,0,0,0.333333333333333,0,0,0,0,0,0,0,0,0,0,0
"YO004",0,0,0,0.2,0,0.333333333333333,0,0,0,1,1,1,1,1,1,0,0,0,0,0,0,0,0,0,0,0,0,0,0,0,0,0,0,0,0,0,0,0,0,1,0,0,0,0,0,0,0,0,0,0,0,0,0,0,0,0,0,0,0,0,0,0,0,0,0,0,0,1,1,1,1,1,1,0.333333333333333,0,0,0,0,0,0,0,0.333333333333333,0,0,0.333333333333333,0,0,0,0,0,0,0,0,0,0,0
"YO008",0,0,0,0.2,0,0.333333333333333,0,0,0,1,1,1,1,1,1,0,0,0,0,0,0,0,0,0,0,0,0,0,0,0,0,0,0,0,0,0,0,0,0,1,0,0,0,0,0,0,0,0,0,0,0,0,0,0,0,0,0,0,0,0,0,0,0,0,0,0,0,1,1,1,1,1,1,0.333333333333333,0,0,0,0,0,0,0,0.333333333333333,0,0,0.333333333333333,0,0,0,0,0,0,0,0,0,0,0
"YO010",0.2,0.2,0.2,0,0.2,0.5,0.2,0.2,0.2,1,1,1,1,1,1,0.2,0.2,0.2,0.2,0.2,0.2,0.2,0.2,0.2,0.2,0.2,0.2,0.2,0.2,0.2,0.2,0.2,0.2,0.2,0.2,0.2,0.2,0.2,0.2,1,0.2,0.2,0.2,0.2,0.2,0.2,0.2,0.2,0.2,0.2,0.2,0.2,0.2,0.2,0.2,0.2,0.2,0.2,0.2,0.2,0.2,0.2,0.2,0.2,0.2,0.2,0.2,1,1,1,1,1,1,0.5,0.2,0.2,0.2,0.2,0.2,0.2,0.2,0.5,0.2,0.2,0.5,0.2,0.2,0.2,0.2,0.2,0.2,0.2,0.2,0.2,0.2,0.2
"YO011",0,0,0,0.2,0,0.333333333333333,0,0,0,1,1,1,1,1,1,0,0,0,0,0,0,0,0,0,0,0,0,0,0,0,0,0,0,0,0,0,0,0,0,1,0,0,0,0,0,0,0,0,0,0,0,0,0,0,0,0,0,0,0,0,0,0,0,0,0,0,0,1,1,1,1,1,1,0.333333333333333,0,0,0,0,0,0,0,0.333333333333333,0,0,0.333333333333333,0,0,0,0,0,0,0,0,0,0,0
"YO012",0.333333333333333,0.333333333333333,0.333333333333333,0.5,0.333333333333333,0,0.333333333333333,0.333333333333333,0.333333333333333,1,1,1,1,1,1,0.333333333333333,0.333333333333333,0.333333333333333,0.333333333333333,0.333333333333333,0.333333333333333,0.333333333333333,0.333333333333333,0.333333333333333,0.333333333333333,0.333333333333333,0.333333333333333,0.333333333333333,0.333333333333333,0.333333333333333,0.333333333333333,0.333333333333333,0.333333333333333,0.333333333333333,0.333333333333333,0.333333333333333,0.333333333333333,0.333333333333333,0.333333333333333,1,0.333333333333333,0.333333333333333,0.333333333333333,0.333333333333333,0.333333333333333,0.333333333333333,0.333333333333333,0.333333333333333,0.333333333333333,0.333333333333333,0.333333333333333,0.333333333333333,0.333333333333333,0.333333333333333,0.333333333333333,0.333333333333333,0.333333333333333,0.333333333333333,0.333333333333333,0.333333333333333,0.333333333333333,0.333333333333333,0.333333333333333,0.333333333333333,0.333333333333333,0.333333333333333,0.333333333333333,1,1,1,1,1,1,0,0.333333333333333,0.333333333333333,0.333333333333333,0.333333333333333,0.333333333333333,0.333333333333333,0.333333333333333,0,0.333333333333333,0.333333333333333,0,0.333333333333333,0.333333333333333,0.333333333333333,0.333333333333333,0.333333333333333,0.333333333333333,0.333333333333333,0.333333333333333,0.333333333333333,0.333333333333333,0.333333333333333
"YO013",0,0,0,0.2,0,0.333333333333333,0,0,0,1,1,1,1,1,1,0,0,0,0,0,0,0,0,0,0,0,0,0,0,0,0,0,0,0,0,0,0,0,0,1,0,0,0,0,0,0,0,0,0,0,0,0,0,0,0,0,0,0,0,0,0,0,0,0,0,0,0,1,1,1,1,1,1,0.333333333333333,0,0,0,0,0,0,0,0.333333333333333,0,0,0.333333333333333,0,0,0,0,0,0,0,0,0,0,0
"YO017",0,0,0,0.2,0,0.333333333333333,0,0,0,1,1,1,1,1,1,0,0,0,0,0,0,0,0,0,0,0,0,0,0,0,0,0,0,0,0,0,0,0,0,1,0,0,0,0,0,0,0,0,0,0,0,0,0,0,0,0,0,0,0,0,0,0,0,0,0,0,0,1,1,1,1,1,1,0.333333333333333,0,0,0,0,0,0,0,0.333333333333333,0,0,0.333333333333333,0,0,0,0,0,0,0,0,0,0,0
"YO019",0,0,0,0.2,0,0.333333333333333,0,0,0,1,1,1,1,1,1,0,0,0,0,0,0,0,0,0,0,0,0,0,0,0,0,0,0,0,0,0,0,0,0,1,0,0,0,0,0,0,0,0,0,0,0,0,0,0,0,0,0,0,0,0,0,0,0,0,0,0,0,1,1,1,1,1,1,0.333333333333333,0,0,0,0,0,0,0,0.333333333333333,0,0,0.333333333333333,0,0,0,0,0,0,0,0,0,0,0
"YO022",1,1,1,1,1,1,1,1,1,0,1,0,1,1,1,1,1,1,1,1,1,1,1,1,1,1,1,1,1,1,1,1,1,1,1,1,1,1,1,1,1,1,1,1,1,1,1,1,1,1,1,1,1,1,1,1,1,1,1,1,1,1,1,1,1,1,1,1,0,0,1,1,1,1,1,1,1,1,1,1,1,1,1,1,1,1,1,1,1,1,1,1,1,1,1,1
"YO026",1,1,1,1,1,1,1,1,1,1,0,1,1,1,1,1,1,1,1,1,1,1,1,1,1,1,1,1,1,1,1,1,1,1,1,1,1,1,1,1,1,1,1,1,1,1,1,1,1,1,1,1,1,1,1,1,1,1,1,1,1,1,1,1,1,1,1,1,1,1,1,1,1,1,1,1,1,1,1,1,1,1,1,1,1,1,1,1,1,1,1,1,1,1,1,1
"YO031",1,1,1,1,1,1,1,1,1,0,1,0,1,1,1,1,1,1,1,1,1,1,1,1,1,1,1,1,1,1,1,1,1,1,1,1,1,1,1,1,1,1,1,1,1,1,1,1,1,1,1,1,1,1,1,1,1,1,1,1,1,1,1,1,1,1,1,1,0,0,1,1,1,1,1,1,1,1,1,1,1,1,1,1,1,1,1,1,1,1,1,1,1,1,1,1
"YO032",1,1,1,1,1,1,1,1,1,1,1,1,0,1,0.333333333333333,1,1,1,1,1,1,1,1,1,1,1,1,1,1,1,1,1,1,1,1,1,1,1,1,0.333333333333333,1,1,1,1,1,1,1,1,1,1,1,1,1,1,1,1,1,1,1,1,1,1,1,1,1,1,1,1,1,1,1,0.333333333333333,1,1,1,1,1,1,1,1,1,1,1,1,1,1,1,1,1,1,1,1,1,1,1,1
"YO035",1,1,1,1,1,1,1,1,1,1,1,1,1,0,0.5,1,1,1,1,1,1,1,1,1,1,1,1,1,1,1,1,1,1,1,1,1,1,1,1,0.5,1,1,1,1,1,1,1,1,1,1,1,1,1,1,1,1,1,1,1,1,1,1,1,1,1,1,1,1,1,1,0.333333333333333,0.5,0,1,1,1,1,1,1,1,1,1,1,1,1,1,1,1,1,1,1,1,1,1,1,1
"YO036",1,1,1,1,1,1,1,1,1,1,1,1,0.333333333333333,0.5,0,1,1,1,1,1,1,1,1,1,1,1,1,1,1,1,1,1,1,1,1,1,1,1,1,0,1,1,1,1,1,1,1,1,1,1,1,1,1,1,1,1,1,1,1,1,1,1,1,1,1,1,1,1,1,1,0.333333333333333,0,0.5,1,1,1,1,1,1,1,1,1,1,1,1,1,1,1,1,1,1,1,1,1,1,1
"YO044",0,0,0,0.2,0,0.333333333333333,0,0,0,1,1,1,1,1,1,0,0,0,0,0,0,0,0,0,0,0,0,0,0,0,0,0,0,0,0,0,0,0,0,1,0,0,0,0,0,0,0,0,0,0,0,0,0,0,0,0,0,0,0,0,0,0,0,0,0,0,0,1,1,1,1,1,1,0.333333333333333,0,0,0,0,0,0,0,0.333333333333333,0,0,0.333333333333333,0,0,0,0,0,0,0,0,0,0,0
"YO045",0,0,0,0.2,0,0.333333333333333,0,0,0,1,1,1,1,1,1,0,0,0,0,0,0,0,0,0,0,0,0,0,0,0,0,0,0,0,0,0,0,0,0,1,0,0,0,0,0,0,0,0,0,0,0,0,0,0,0,0,0,0,0,0,0,0,0,0,0,0,0,1,1,1,1,1,1,0.333333333333333,0,0,0,0,0,0,0,0.333333333333333,0,0,0.333333333333333,0,0,0,0,0,0,0,0,0,0,0
"YO046",0,0,0,0.2,0,0.333333333333333,0,0,0,1,1,1,1,1,1,0,0,0,0,0,0,0,0,0,0,0,0,0,0,0,0,0,0,0,0,0,0,0,0,1,0,0,0,0,0,0,0,0,0,0,0,0,0,0,0,0,0,0,0,0,0,0,0,0,0,0,0,1,1,1,1,1,1,0.333333333333333,0,0,0,0,0,0,0,0.333333333333333,0,0,0.333333333333333,0,0,0,0,0,0,0,0,0,0,0
"YO047",0,0,0,0.2,0,0.333333333333333,0,0,0,1,1,1,1,1,1,0,0,0,0,0,0,0,0,0,0,0,0,0,0,0,0,0,0,0,0,0,0,0,0,1,0,0,0,0,0,0,0,0,0,0,0,0,0,0,0,0,0,0,0,0,0,0,0,0,0,0,0,1,1,1,1,1,1,0.333333333333333,0,0,0,0,0,0,0,0.333333333333333,0,0,0.333333333333333,0,0,0,0,0,0,0,0,0,0,0
"YO048",0,0,0,0.2,0,0.333333333333333,0,0,0,1,1,1,1,1,1,0,0,0,0,0,0,0,0,0,0,0,0,0,0,0,0,0,0,0,0,0,0,0,0,1,0,0,0,0,0,0,0,0,0,0,0,0,0,0,0,0,0,0,0,0,0,0,0,0,0,0,0,1,1,1,1,1,1,0.333333333333333,0,0,0,0,0,0,0,0.333333333333333,0,0,0.333333333333333,0,0,0,0,0,0,0,0,0,0,0
"YO050",0,0,0,0.2,0,0.333333333333333,0,0,0,1,1,1,1,1,1,0,0,0,0,0,0,0,0,0,0,0,0,0,0,0,0,0,0,0,0,0,0,0,0,1,0,0,0,0,0,0,0,0,0,0,0,0,0,0,0,0,0,0,0,0,0,0,0,0,0,0,0,1,1,1,1,1,1,0.333333333333333,0,0,0,0,0,0,0,0.333333333333333,0,0,0.333333333333333,0,0,0,0,0,0,0,0,0,0,0
"YO051",0,0,0,0.2,0,0.333333333333333,0,0,0,1,1,1,1,1,1,0,0,0,0,0,0,0,0,0,0,0,0,0,0,0,0,0,0,0,0,0,0,0,0,1,0,0,0,0,0,0,0,0,0,0,0,0,0,0,0,0,0,0,0,0,0,0,0,0,0,0,0,1,1,1,1,1,1,0.333333333333333,0,0,0,0,0,0,0,0.333333333333333,0,0,0.333333333333333,0,0,0,0,0,0,0,0,0,0,0
"YO052",0,0,0,0.2,0,0.333333333333333,0,0,0,1,1,1,1,1,1,0,0,0,0,0,0,0,0,0,0,0,0,0,0,0,0,0,0,0,0,0,0,0,0,1,0,0,0,0,0,0,0,0,0,0,0,0,0,0,0,0,0,0,0,0,0,0,0,0,0,0,0,1,1,1,1,1,1,0.333333333333333,0,0,0,0,0,0,0,0.333333333333333,0,0,0.333333333333333,0,0,0,0,0,0,0,0,0,0,0
"YO053",0,0,0,0.2,0,0.333333333333333,0,0,0,1,1,1,1,1,1,0,0,0,0,0,0,0,0,0,0,0,0,0,0,0,0,0,0,0,0,0,0,0,0,1,0,0,0,0,0,0,0,0,0,0,0,0,0,0,0,0,0,0,0,0,0,0,0,0,0,0,0,1,1,1,1,1,1,0.333333333333333,0,0,0,0,0,0,0,0.333333333333333,0,0,0.333333333333333,0,0,0,0,0,0,0,0,0,0,0
"YO054",0,0,0,0.2,0,0.333333333333333,0,0,0,1,1,1,1,1,1,0,0,0,0,0,0,0,0,0,0,0,0,0,0,0,0,0,0,0,0,0,0,0,0,1,0,0,0,0,0,0,0,0,0,0,0,0,0,0,0,0,0,0,0,0,0,0,0,0,0,0,0,1,1,1,1,1,1,0.333333333333333,0,0,0,0,0,0,0,0.333333333333333,0,0,0.333333333333333,0,0,0,0,0,0,0,0,0,0,0
"YO060",0,0,0,0.2,0,0.333333333333333,0,0,0,1,1,1,1,1,1,0,0,0,0,0,0,0,0,0,0,0,0,0,0,0,0,0,0,0,0,0,0,0,0,1,0,0,0,0,0,0,0,0,0,0,0,0,0,0,0,0,0,0,0,0,0,0,0,0,0,0,0,1,1,1,1,1,1,0.333333333333333,0,0,0,0,0,0,0,0.333333333333333,0,0,0.333333333333333,0,0,0,0,0,0,0,0,0,0,0
"YO062",0,0,0,0.2,0,0.333333333333333,0,0,0,1,1,1,1,1,1,0,0,0,0,0,0,0,0,0,0,0,0,0,0,0,0,0,0,0,0,0,0,0,0,1,0,0,0,0,0,0,0,0,0,0,0,0,0,0,0,0,0,0,0,0,0,0,0,0,0,0,0,1,1,1,1,1,1,0.333333333333333,0,0,0,0,0,0,0,0.333333333333333,0,0,0.333333333333333,0,0,0,0,0,0,0,0,0,0,0
"YO063",0,0,0,0.2,0,0.333333333333333,0,0,0,1,1,1,1,1,1,0,0,0,0,0,0,0,0,0,0,0,0,0,0,0,0,0,0,0,0,0,0,0,0,1,0,0,0,0,0,0,0,0,0,0,0,0,0,0,0,0,0,0,0,0,0,0,0,0,0,0,0,1,1,1,1,1,1,0.333333333333333,0,0,0,0,0,0,0,0.333333333333333,0,0,0.333333333333333,0,0,0,0,0,0,0,0,0,0,0
"YO064",0,0,0,0.2,0,0.333333333333333,0,0,0,1,1,1,1,1,1,0,0,0,0,0,0,0,0,0,0,0,0,0,0,0,0,0,0,0,0,0,0,0,0,1,0,0,0,0,0,0,0,0,0,0,0,0,0,0,0,0,0,0,0,0,0,0,0,0,0,0,0,1,1,1,1,1,1,0.333333333333333,0,0,0,0,0,0,0,0.333333333333333,0,0,0.333333333333333,0,0,0,0,0,0,0,0,0,0,0
"YO065",0,0,0,0.2,0,0.333333333333333,0,0,0,1,1,1,1,1,1,0,0,0,0,0,0,0,0,0,0,0,0,0,0,0,0,0,0,0,0,0,0,0,0,1,0,0,0,0,0,0,0,0,0,0,0,0,0,0,0,0,0,0,0,0,0,0,0,0,0,0,0,1,1,1,1,1,1,0.333333333333333,0,0,0,0,0,0,0,0.333333333333333,0,0,0.333333333333333,0,0,0,0,0,0,0,0,0,0,0
"YO068",0,0,0,0.2,0,0.333333333333333,0,0,0,1,1,1,1,1,1,0,0,0,0,0,0,0,0,0,0,0,0,0,0,0,0,0,0,0,0,0,0,0,0,1,0,0,0,0,0,0,0,0,0,0,0,0,0,0,0,0,0,0,0,0,0,0,0,0,0,0,0,1,1,1,1,1,1,0.333333333333333,0,0,0,0,0,0,0,0.333333333333333,0,0,0.333333333333333,0,0,0,0,0,0,0,0,0,0,0
"YO069",0,0,0,0.2,0,0.333333333333333,0,0,0,1,1,1,1,1,1,0,0,0,0,0,0,0,0,0,0,0,0,0,0,0,0,0,0,0,0,0,0,0,0,1,0,0,0,0,0,0,0,0,0,0,0,0,0,0,0,0,0,0,0,0,0,0,0,0,0,0,0,1,1,1,1,1,1,0.333333333333333,0,0,0,0,0,0,0,0.333333333333333,0,0,0.333333333333333,0,0,0,0,0,0,0,0,0,0,0
"YO070",0,0,0,0.2,0,0.333333333333333,0,0,0,1,1,1,1,1,1,0,0,0,0,0,0,0,0,0,0,0,0,0,0,0,0,0,0,0,0,0,0,0,0,1,0,0,0,0,0,0,0,0,0,0,0,0,0,0,0,0,0,0,0,0,0,0,0,0,0,0,0,1,1,1,1,1,1,0.333333333333333,0,0,0,0,0,0,0,0.333333333333333,0,0,0.333333333333333,0,0,0,0,0,0,0,0,0,0,0
"YO071",0,0,0,0.2,0,0.333333333333333,0,0,0,1,1,1,1,1,1,0,0,0,0,0,0,0,0,0,0,0,0,0,0,0,0,0,0,0,0,0,0,0,0,1,0,0,0,0,0,0,0,0,0,0,0,0,0,0,0,0,0,0,0,0,0,0,0,0,0,0,0,1,1,1,1,1,1,0.333333333333333,0,0,0,0,0,0,0,0.333333333333333,0,0,0.333333333333333,0,0,0,0,0,0,0,0,0,0,0
"YO072",0,0,0,0.2,0,0.333333333333333,0,0,0,1,1,1,1,1,1,0,0,0,0,0,0,0,0,0,0,0,0,0,0,0,0,0,0,0,0,0,0,0,0,1,0,0,0,0,0,0,0,0,0,0,0,0,0,0,0,0,0,0,0,0,0,0,0,0,0,0,0,1,1,1,1,1,1,0.333333333333333,0,0,0,0,0,0,0,0.333333333333333,0,0,0.333333333333333,0,0,0,0,0,0,0,0,0,0,0
"YO073",0,0,0,0.2,0,0.333333333333333,0,0,0,1,1,1,1,1,1,0,0,0,0,0,0,0,0,0,0,0,0,0,0,0,0,0,0,0,0,0,0,0,0,1,0,0,0,0,0,0,0,0,0,0,0,0,0,0,0,0,0,0,0,0,0,0,0,0,0,0,0,1,1,1,1,1,1,0.333333333333333,0,0,0,0,0,0,0,0.333333333333333,0,0,0.333333333333333,0,0,0,0,0,0,0,0,0,0,0
"YO085",0,0,0,0.2,0,0.333333333333333,0,0,0,1,1,1,1,1,1,0,0,0,0,0,0,0,0,0,0,0,0,0,0,0,0,0,0,0,0,0,0,0,0,1,0,0,0,0,0,0,0,0,0,0,0,0,0,0,0,0,0,0,0,0,0,0,0,0,0,0,0,1,1,1,1,1,1,0.333333333333333,0,0,0,0,0,0,0,0.333333333333333,0,0,0.333333333333333,0,0,0,0,0,0,0,0,0,0,0
"YO086",0,0,0,0.2,0,0.333333333333333,0,0,0,1,1,1,1,1,1,0,0,0,0,0,0,0,0,0,0,0,0,0,0,0,0,0,0,0,0,0,0,0,0,1,0,0,0,0,0,0,0,0,0,0,0,0,0,0,0,0,0,0,0,0,0,0,0,0,0,0,0,1,1,1,1,1,1,0.333333333333333,0,0,0,0,0,0,0,0.333333333333333,0,0,0.333333333333333,0,0,0,0,0,0,0,0,0,0,0
"YO087",0,0,0,0.2,0,0.333333333333333,0,0,0,1,1,1,1,1,1,0,0,0,0,0,0,0,0,0,0,0,0,0,0,0,0,0,0,0,0,0,0,0,0,1,0,0,0,0,0,0,0,0,0,0,0,0,0,0,0,0,0,0,0,0,0,0,0,0,0,0,0,1,1,1,1,1,1,0.333333333333333,0,0,0,0,0,0,0,0.333333333333333,0,0,0.333333333333333,0,0,0,0,0,0,0,0,0,0,0
"YO089",1,1,1,1,1,1,1,1,1,1,1,1,0.333333333333333,0.5,0,1,1,1,1,1,1,1,1,1,1,1,1,1,1,1,1,1,1,1,1,1,1,1,1,0,1,1,1,1,1,1,1,1,1,1,1,1,1,1,1,1,1,1,1,1,1,1,1,1,1,1,1,1,1,1,0.333333333333333,0,0.5,1,1,1,1,1,1,1,1,1,1,1,1,1,1,1,1,1,1,1,1,1,1,1
"YO090",0,0,0,0.2,0,0.333333333333333,0,0,0,1,1,1,1,1,1,0,0,0,0,0,0,0,0,0,0,0,0,0,0,0,0,0,0,0,0,0,0,0,0,1,0,0,0,0,0,0,0,0,0,0,0,0,0,0,0,0,0,0,0,0,0,0,0,0,0,0,0,1,1,1,1,1,1,0.333333333333333,0,0,0,0,0,0,0,0.333333333333333,0,0,0.333333333333333,0,0,0,0,0,0,0,0,0,0,0
"YO091",0,0,0,0.2,0,0.333333333333333,0,0,0,1,1,1,1,1,1,0,0,0,0,0,0,0,0,0,0,0,0,0,0,0,0,0,0,0,0,0,0,0,0,1,0,0,0,0,0,0,0,0,0,0,0,0,0,0,0,0,0,0,0,0,0,0,0,0,0,0,0,1,1,1,1,1,1,0.333333333333333,0,0,0,0,0,0,0,0.333333333333333,0,0,0.333333333333333,0,0,0,0,0,0,0,0,0,0,0
"YO092",0,0,0,0.2,0,0.333333333333333,0,0,0,1,1,1,1,1,1,0,0,0,0,0,0,0,0,0,0,0,0,0,0,0,0,0,0,0,0,0,0,0,0,1,0,0,0,0,0,0,0,0,0,0,0,0,0,0,0,0,0,0,0,0,0,0,0,0,0,0,0,1,1,1,1,1,1,0.333333333333333,0,0,0,0,0,0,0,0.333333333333333,0,0,0.333333333333333,0,0,0,0,0,0,0,0,0,0,0
"YO093",0,0,0,0.2,0,0.333333333333333,0,0,0,1,1,1,1,1,1,0,0,0,0,0,0,0,0,0,0,0,0,0,0,0,0,0,0,0,0,0,0,0,0,1,0,0,0,0,0,0,0,0,0,0,0,0,0,0,0,0,0,0,0,0,0,0,0,0,0,0,0,1,1,1,1,1,1,0.333333333333333,0,0,0,0,0,0,0,0.333333333333333,0,0,0.333333333333333,0,0,0,0,0,0,0,0,0,0,0
"YO094",0,0,0,0.2,0,0.333333333333333,0,0,0,1,1,1,1,1,1,0,0,0,0,0,0,0,0,0,0,0,0,0,0,0,0,0,0,0,0,0,0,0,0,1,0,0,0,0,0,0,0,0,0,0,0,0,0,0,0,0,0,0,0,0,0,0,0,0,0,0,0,1,1,1,1,1,1,0.333333333333333,0,0,0,0,0,0,0,0.333333333333333,0,0,0.333333333333333,0,0,0,0,0,0,0,0,0,0,0
"YO095",0,0,0,0.2,0,0.333333333333333,0,0,0,1,1,1,1,1,1,0,0,0,0,0,0,0,0,0,0,0,0,0,0,0,0,0,0,0,0,0,0,0,0,1,0,0,0,0,0,0,0,0,0,0,0,0,0,0,0,0,0,0,0,0,0,0,0,0,0,0,0,1,1,1,1,1,1,0.333333333333333,0,0,0,0,0,0,0,0.333333333333333,0,0,0.333333333333333,0,0,0,0,0,0,0,0,0,0,0
"YO096",0,0,0,0.2,0,0.333333333333333,0,0,0,1,1,1,1,1,1,0,0,0,0,0,0,0,0,0,0,0,0,0,0,0,0,0,0,0,0,0,0,0,0,1,0,0,0,0,0,0,0,0,0,0,0,0,0,0,0,0,0,0,0,0,0,0,0,0,0,0,0,1,1,1,1,1,1,0.333333333333333,0,0,0,0,0,0,0,0.333333333333333,0,0,0.333333333333333,0,0,0,0,0,0,0,0,0,0,0
"YO097",0,0,0,0.2,0,0.333333333333333,0,0,0,1,1,1,1,1,1,0,0,0,0,0,0,0,0,0,0,0,0,0,0,0,0,0,0,0,0,0,0,0,0,1,0,0,0,0,0,0,0,0,0,0,0,0,0,0,0,0,0,0,0,0,0,0,0,0,0,0,0,1,1,1,1,1,1,0.333333333333333,0,0,0,0,0,0,0,0.333333333333333,0,0,0.333333333333333,0,0,0,0,0,0,0,0,0,0,0
"YO112",0,0,0,0.2,0,0.333333333333333,0,0,0,1,1,1,1,1,1,0,0,0,0,0,0,0,0,0,0,0,0,0,0,0,0,0,0,0,0,0,0,0,0,1,0,0,0,0,0,0,0,0,0,0,0,0,0,0,0,0,0,0,0,0,0,0,0,0,0,0,0,1,1,1,1,1,1,0.333333333333333,0,0,0,0,0,0,0,0.333333333333333,0,0,0.333333333333333,0,0,0,0,0,0,0,0,0,0,0
"YO113",0,0,0,0.2,0,0.333333333333333,0,0,0,1,1,1,1,1,1,0,0,0,0,0,0,0,0,0,0,0,0,0,0,0,0,0,0,0,0,0,0,0,0,1,0,0,0,0,0,0,0,0,0,0,0,0,0,0,0,0,0,0,0,0,0,0,0,0,0,0,0,1,1,1,1,1,1,0.333333333333333,0,0,0,0,0,0,0,0.333333333333333,0,0,0.333333333333333,0,0,0,0,0,0,0,0,0,0,0
"YO114",0,0,0,0.2,0,0.333333333333333,0,0,0,1,1,1,1,1,1,0,0,0,0,0,0,0,0,0,0,0,0,0,0,0,0,0,0,0,0,0,0,0,0,1,0,0,0,0,0,0,0,0,0,0,0,0,0,0,0,0,0,0,0,0,0,0,0,0,0,0,0,1,1,1,1,1,1,0.333333333333333,0,0,0,0,0,0,0,0.333333333333333,0,0,0.333333333333333,0,0,0,0,0,0,0,0,0,0,0
"YO115",0,0,0,0.2,0,0.333333333333333,0,0,0,1,1,1,1,1,1,0,0,0,0,0,0,0,0,0,0,0,0,0,0,0,0,0,0,0,0,0,0,0,0,1,0,0,0,0,0,0,0,0,0,0,0,0,0,0,0,0,0,0,0,0,0,0,0,0,0,0,0,1,1,1,1,1,1,0.333333333333333,0,0,0,0,0,0,0,0.333333333333333,0,0,0.333333333333333,0,0,0,0,0,0,0,0,0,0,0
"YO116",0,0,0,0.2,0,0.333333333333333,0,0,0,1,1,1,1,1,1,0,0,0,0,0,0,0,0,0,0,0,0,0,0,0,0,0,0,0,0,0,0,0,0,1,0,0,0,0,0,0,0,0,0,0,0,0,0,0,0,0,0,0,0,0,0,0,0,0,0,0,0,1,1,1,1,1,1,0.333333333333333,0,0,0,0,0,0,0,0.333333333333333,0,0,0.333333333333333,0,0,0,0,0,0,0,0,0,0,0
"YO117",0,0,0,0.2,0,0.333333333333333,0,0,0,1,1,1,1,1,1,0,0,0,0,0,0,0,0,0,0,0,0,0,0,0,0,0,0,0,0,0,0,0,0,1,0,0,0,0,0,0,0,0,0,0,0,0,0,0,0,0,0,0,0,0,0,0,0,0,0,0,0,1,1,1,1,1,1,0.333333333333333,0,0,0,0,0,0,0,0.333333333333333,0,0,0.333333333333333,0,0,0,0,0,0,0,0,0,0,0
"YO120",0,0,0,0.2,0,0.333333333333333,0,0,0,1,1,1,1,1,1,0,0,0,0,0,0,0,0,0,0,0,0,0,0,0,0,0,0,0,0,0,0,0,0,1,0,0,0,0,0,0,0,0,0,0,0,0,0,0,0,0,0,0,0,0,0,0,0,0,0,0,0,1,1,1,1,1,1,0.333333333333333,0,0,0,0,0,0,0,0.333333333333333,0,0,0.333333333333333,0,0,0,0,0,0,0,0,0,0,0
"YO121",0,0,0,0.2,0,0.333333333333333,0,0,0,1,1,1,1,1,1,0,0,0,0,0,0,0,0,0,0,0,0,0,0,0,0,0,0,0,0,0,0,0,0,1,0,0,0,0,0,0,0,0,0,0,0,0,0,0,0,0,0,0,0,0,0,0,0,0,0,0,0,1,1,1,1,1,1,0.333333333333333,0,0,0,0,0,0,0,0.333333333333333,0,0,0.333333333333333,0,0,0,0,0,0,0,0,0,0,0
"YO123",0,0,0,0.2,0,0.333333333333333,0,0,0,1,1,1,1,1,1,0,0,0,0,0,0,0,0,0,0,0,0,0,0,0,0,0,0,0,0,0,0,0,0,1,0,0,0,0,0,0,0,0,0,0,0,0,0,0,0,0,0,0,0,0,0,0,0,0,0,0,0,1,1,1,1,1,1,0.333333333333333,0,0,0,0,0,0,0,0.333333333333333,0,0,0.333333333333333,0,0,0,0,0,0,0,0,0,0,0
"YO125",0,0,0,0.2,0,0.333333333333333,0,0,0,1,1,1,1,1,1,0,0,0,0,0,0,0,0,0,0,0,0,0,0,0,0,0,0,0,0,0,0,0,0,1,0,0,0,0,0,0,0,0,0,0,0,0,0,0,0,0,0,0,0,0,0,0,0,0,0,0,0,1,1,1,1,1,1,0.333333333333333,0,0,0,0,0,0,0,0.333333333333333,0,0,0.333333333333333,0,0,0,0,0,0,0,0,0,0,0
"YO126",0,0,0,0.2,0,0.333333333333333,0,0,0,1,1,1,1,1,1,0,0,0,0,0,0,0,0,0,0,0,0,0,0,0,0,0,0,0,0,0,0,0,0,1,0,0,0,0,0,0,0,0,0,0,0,0,0,0,0,0,0,0,0,0,0,0,0,0,0,0,0,1,1,1,1,1,1,0.333333333333333,0,0,0,0,0,0,0,0.333333333333333,0,0,0.333333333333333,0,0,0,0,0,0,0,0,0,0,0
"YO127",0,0,0,0.2,0,0.333333333333333,0,0,0,1,1,1,1,1,1,0,0,0,0,0,0,0,0,0,0,0,0,0,0,0,0,0,0,0,0,0,0,0,0,1,0,0,0,0,0,0,0,0,0,0,0,0,0,0,0,0,0,0,0,0,0,0,0,0,0,0,0,1,1,1,1,1,1,0.333333333333333,0,0,0,0,0,0,0,0.333333333333333,0,0,0.333333333333333,0,0,0,0,0,0,0,0,0,0,0
"YO129",0,0,0,0.2,0,0.333333333333333,0,0,0,1,1,1,1,1,1,0,0,0,0,0,0,0,0,0,0,0,0,0,0,0,0,0,0,0,0,0,0,0,0,1,0,0,0,0,0,0,0,0,0,0,0,0,0,0,0,0,0,0,0,0,0,0,0,0,0,0,0,1,1,1,1,1,1,0.333333333333333,0,0,0,0,0,0,0,0.333333333333333,0,0,0.333333333333333,0,0,0,0,0,0,0,0,0,0,0
"YO132",0,0,0,0.2,0,0.333333333333333,0,0,0,1,1,1,1,1,1,0,0,0,0,0,0,0,0,0,0,0,0,0,0,0,0,0,0,0,0,0,0,0,0,1,0,0,0,0,0,0,0,0,0,0,0,0,0,0,0,0,0,0,0,0,0,0,0,0,0,0,0,1,1,1,1,1,1,0.333333333333333,0,0,0,0,0,0,0,0.333333333333333,0,0,0.333333333333333,0,0,0,0,0,0,0,0,0,0,0
"YO143",0,0,0,0.2,0,0.333333333333333,0,0,0,1,1,1,1,1,1,0,0,0,0,0,0,0,0,0,0,0,0,0,0,0,0,0,0,0,0,0,0,0,0,1,0,0,0,0,0,0,0,0,0,0,0,0,0,0,0,0,0,0,0,0,0,0,0,0,0,0,0,1,1,1,1,1,1,0.333333333333333,0,0,0,0,0,0,0,0.333333333333333,0,0,0.333333333333333,0,0,0,0,0,0,0,0,0,0,0
"YO144",0,0,0,0.2,0,0.333333333333333,0,0,0,1,1,1,1,1,1,0,0,0,0,0,0,0,0,0,0,0,0,0,0,0,0,0,0,0,0,0,0,0,0,1,0,0,0,0,0,0,0,0,0,0,0,0,0,0,0,0,0,0,0,0,0,0,0,0,0,0,0,1,1,1,1,1,1,0.333333333333333,0,0,0,0,0,0,0,0.333333333333333,0,0,0.333333333333333,0,0,0,0,0,0,0,0,0,0,0
"YO146",0,0,0,0.2,0,0.333333333333333,0,0,0,1,1,1,1,1,1,0,0,0,0,0,0,0,0,0,0,0,0,0,0,0,0,0,0,0,0,0,0,0,0,1,0,0,0,0,0,0,0,0,0,0,0,0,0,0,0,0,0,0,0,0,0,0,0,0,0,0,0,1,1,1,1,1,1,0.333333333333333,0,0,0,0,0,0,0,0.333333333333333,0,0,0.333333333333333,0,0,0,0,0,0,0,0,0,0,0
"YO147",0,0,0,0.2,0,0.333333333333333,0,0,0,1,1,1,1,1,1,0,0,0,0,0,0,0,0,0,0,0,0,0,0,0,0,0,0,0,0,0,0,0,0,1,0,0,0,0,0,0,0,0,0,0,0,0,0,0,0,0,0,0,0,0,0,0,0,0,0,0,0,1,1,1,1,1,1,0.333333333333333,0,0,0,0,0,0,0,0.333333333333333,0,0,0.333333333333333,0,0,0,0,0,0,0,0,0,0,0
"YO148",0,0,0,0.2,0,0.333333333333333,0,0,0,1,1,1,1,1,1,0,0,0,0,0,0,0,0,0,0,0,0,0,0,0,0,0,0,0,0,0,0,0,0,1,0,0,0,0,0,0,0,0,0,0,0,0,0,0,0,0,0,0,0,0,0,0,0,0,0,0,0,1,1,1,1,1,1,0.333333333333333,0,0,0,0,0,0,0,0.333333333333333,0,0,0.333333333333333,0,0,0,0,0,0,0,0,0,0,0
"YO152",1,1,1,1,1,1,1,1,1,1,1,1,1,1,1,1,1,1,1,1,1,1,1,1,1,1,1,1,1,1,1,1,1,1,1,1,1,1,1,1,1,1,1,1,1,1,1,1,1,1,1,1,1,1,1,1,1,1,1,1,1,1,1,1,1,1,1,0,1,1,1,1,1,1,1,1,1,1,1,1,1,1,1,1,1,1,1,1,1,1,1,1,1,1,1,1
"YO153",1,1,1,1,1,1,1,1,1,0,1,0,1,1,1,1,1,1,1,1,1,1,1,1,1,1,1,1,1,1,1,1,1,1,1,1,1,1,1,1,1,1,1,1,1,1,1,1,1,1,1,1,1,1,1,1,1,1,1,1,1,1,1,1,1,1,1,1,0,0,1,1,1,1,1,1,1,1,1,1,1,1,1,1,1,1,1,1,1,1,1,1,1,1,1,1
"YO157",1,1,1,1,1,1,1,1,1,0,1,0,1,1,1,1,1,1,1,1,1,1,1,1,1,1,1,1,1,1,1,1,1,1,1,1,1,1,1,1,1,1,1,1,1,1,1,1,1,1,1,1,1,1,1,1,1,1,1,1,1,1,1,1,1,1,1,1,0,0,1,1,1,1,1,1,1,1,1,1,1,1,1,1,1,1,1,1,1,1,1,1,1,1,1,1
"YO158",1,1,1,1,1,1,1,1,1,1,1,1,1,0.333333333333333,0.333333333333333,1,1,1,1,1,1,1,1,1,1,1,1,1,1,1,1,1,1,1,1,1,1,1,1,0.333333333333333,1,1,1,1,1,1,1,1,1,1,1,1,1,1,1,1,1,1,1,1,1,1,1,1,1,1,1,1,1,1,0,0.333333333333333,0.333333333333333,1,1,1,1,1,1,1,1,1,1,1,1,1,1,1,1,1,1,1,1,1,1,1
"YO159",1,1,1,1,1,1,1,1,1,1,1,1,0.333333333333333,0.5,0,1,1,1,1,1,1,1,1,1,1,1,1,1,1,1,1,1,1,1,1,1,1,1,1,0,1,1,1,1,1,1,1,1,1,1,1,1,1,1,1,1,1,1,1,1,1,1,1,1,1,1,1,1,1,1,0.333333333333333,0,0.5,1,1,1,1,1,1,1,1,1,1,1,1,1,1,1,1,1,1,1,1,1,1,1
"YO160",1,1,1,1,1,1,1,1,1,1,1,1,1,0,0.5,1,1,1,1,1,1,1,1,1,1,1,1,1,1,1,1,1,1,1,1,1,1,1,1,0.5,1,1,1,1,1,1,1,1,1,1,1,1,1,1,1,1,1,1,1,1,1,1,1,1,1,1,1,1,1,1,0.333333333333333,0.5,0,1,1,1,1,1,1,1,1,1,1,1,1,1,1,1,1,1,1,1,1,1,1,1
"YO162",0.333333333333333,0.333333333333333,0.333333333333333,0.5,0.333333333333333,0,0.333333333333333,0.333333333333333,0.333333333333333,1,1,1,1,1,1,0.333333333333333,0.333333333333333,0.333333333333333,0.333333333333333,0.333333333333333,0.333333333333333,0.333333333333333,0.333333333333333,0.333333333333333,0.333333333333333,0.333333333333333,0.333333333333333,0.333333333333333,0.333333333333333,0.333333333333333,0.333333333333333,0.333333333333333,0.333333333333333,0.333333333333333,0.333333333333333,0.333333333333333,0.333333333333333,0.333333333333333,0.333333333333333,1,0.333333333333333,0.333333333333333,0.333333333333333,0.333333333333333,0.333333333333333,0.333333333333333,0.333333333333333,0.333333333333333,0.333333333333333,0.333333333333333,0.333333333333333,0.333333333333333,0.333333333333333,0.333333333333333,0.333333333333333,0.333333333333333,0.333333333333333,0.333333333333333,0.333333333333333,0.333333333333333,0.333333333333333,0.333333333333333,0.333333333333333,0.333333333333333,0.333333333333333,0.333333333333333,0.333333333333333,1,1,1,1,1,1,0,0.333333333333333,0.333333333333333,0.333333333333333,0.333333333333333,0.333333333333333,0.333333333333333,0.333333333333333,0,0.333333333333333,0.333333333333333,0,0.333333333333333,0.333333333333333,0.333333333333333,0.333333333333333,0.333333333333333,0.333333333333333,0.333333333333333,0.333333333333333,0.333333333333333,0.333333333333333,0.333333333333333
"YO165",0,0,0,0.2,0,0.333333333333333,0,0,0,1,1,1,1,1,1,0,0,0,0,0,0,0,0,0,0,0,0,0,0,0,0,0,0,0,0,0,0,0,0,1,0,0,0,0,0,0,0,0,0,0,0,0,0,0,0,0,0,0,0,0,0,0,0,0,0,0,0,1,1,1,1,1,1,0.333333333333333,0,0,0,0,0,0,0,0.333333333333333,0,0,0.333333333333333,0,0,0,0,0,0,0,0,0,0,0
"YO166",0,0,0,0.2,0,0.333333333333333,0,0,0,1,1,1,1,1,1,0,0,0,0,0,0,0,0,0,0,0,0,0,0,0,0,0,0,0,0,0,0,0,0,1,0,0,0,0,0,0,0,0,0,0,0,0,0,0,0,0,0,0,0,0,0,0,0,0,0,0,0,1,1,1,1,1,1,0.333333333333333,0,0,0,0,0,0,0,0.333333333333333,0,0,0.333333333333333,0,0,0,0,0,0,0,0,0,0,0
"YO167",0,0,0,0.2,0,0.333333333333333,0,0,0,1,1,1,1,1,1,0,0,0,0,0,0,0,0,0,0,0,0,0,0,0,0,0,0,0,0,0,0,0,0,1,0,0,0,0,0,0,0,0,0,0,0,0,0,0,0,0,0,0,0,0,0,0,0,0,0,0,0,1,1,1,1,1,1,0.333333333333333,0,0,0,0,0,0,0,0.333333333333333,0,0,0.333333333333333,0,0,0,0,0,0,0,0,0,0,0
"YO170",0,0,0,0.2,0,0.333333333333333,0,0,0,1,1,1,1,1,1,0,0,0,0,0,0,0,0,0,0,0,0,0,0,0,0,0,0,0,0,0,0,0,0,1,0,0,0,0,0,0,0,0,0,0,0,0,0,0,0,0,0,0,0,0,0,0,0,0,0,0,0,1,1,1,1,1,1,0.333333333333333,0,0,0,0,0,0,0,0.333333333333333,0,0,0.333333333333333,0,0,0,0,0,0,0,0,0,0,0
"YO171",0,0,0,0.2,0,0.333333333333333,0,0,0,1,1,1,1,1,1,0,0,0,0,0,0,0,0,0,0,0,0,0,0,0,0,0,0,0,0,0,0,0,0,1,0,0,0,0,0,0,0,0,0,0,0,0,0,0,0,0,0,0,0,0,0,0,0,0,0,0,0,1,1,1,1,1,1,0.333333333333333,0,0,0,0,0,0,0,0.333333333333333,0,0,0.333333333333333,0,0,0,0,0,0,0,0,0,0,0
"YO173",0,0,0,0.2,0,0.333333333333333,0,0,0,1,1,1,1,1,1,0,0,0,0,0,0,0,0,0,0,0,0,0,0,0,0,0,0,0,0,0,0,0,0,1,0,0,0,0,0,0,0,0,0,0,0,0,0,0,0,0,0,0,0,0,0,0,0,0,0,0,0,1,1,1,1,1,1,0.333333333333333,0,0,0,0,0,0,0,0.333333333333333,0,0,0.333333333333333,0,0,0,0,0,0,0,0,0,0,0
"YO174",0,0,0,0.2,0,0.333333333333333,0,0,0,1,1,1,1,1,1,0,0,0,0,0,0,0,0,0,0,0,0,0,0,0,0,0,0,0,0,0,0,0,0,1,0,0,0,0,0,0,0,0,0,0,0,0,0,0,0,0,0,0,0,0,0,0,0,0,0,0,0,1,1,1,1,1,1,0.333333333333333,0,0,0,0,0,0,0,0.333333333333333,0,0,0.333333333333333,0,0,0,0,0,0,0,0,0,0,0
"YO175",0.333333333333333,0.333333333333333,0.333333333333333,0.5,0.333333333333333,0,0.333333333333333,0.333333333333333,0.333333333333333,1,1,1,1,1,1,0.333333333333333,0.333333333333333,0.333333333333333,0.333333333333333,0.333333333333333,0.333333333333333,0.333333333333333,0.333333333333333,0.333333333333333,0.333333333333333,0.333333333333333,0.333333333333333,0.333333333333333,0.333333333333333,0.333333333333333,0.333333333333333,0.333333333333333,0.333333333333333,0.333333333333333,0.333333333333333,0.333333333333333,0.333333333333333,0.333333333333333,0.333333333333333,1,0.333333333333333,0.333333333333333,0.333333333333333,0.333333333333333,0.333333333333333,0.333333333333333,0.333333333333333,0.333333333333333,0.333333333333333,0.333333333333333,0.333333333333333,0.333333333333333,0.333333333333333,0.333333333333333,0.333333333333333,0.333333333333333,0.333333333333333,0.333333333333333,0.333333333333333,0.333333333333333,0.333333333333333,0.333333333333333,0.333333333333333,0.333333333333333,0.333333333333333,0.333333333333333,0.333333333333333,1,1,1,1,1,1,0,0.333333333333333,0.333333333333333,0.333333333333333,0.333333333333333,0.333333333333333,0.333333333333333,0.333333333333333,0,0.333333333333333,0.333333333333333,0,0.333333333333333,0.333333333333333,0.333333333333333,0.333333333333333,0.333333333333333,0.333333333333333,0.333333333333333,0.333333333333333,0.333333333333333,0.333333333333333,0.333333333333333
"YO176",0,0,0,0.2,0,0.333333333333333,0,0,0,1,1,1,1,1,1,0,0,0,0,0,0,0,0,0,0,0,0,0,0,0,0,0,0,0,0,0,0,0,0,1,0,0,0,0,0,0,0,0,0,0,0,0,0,0,0,0,0,0,0,0,0,0,0,0,0,0,0,1,1,1,1,1,1,0.333333333333333,0,0,0,0,0,0,0,0.333333333333333,0,0,0.333333333333333,0,0,0,0,0,0,0,0,0,0,0
"YO177",0,0,0,0.2,0,0.333333333333333,0,0,0,1,1,1,1,1,1,0,0,0,0,0,0,0,0,0,0,0,0,0,0,0,0,0,0,0,0,0,0,0,0,1,0,0,0,0,0,0,0,0,0,0,0,0,0,0,0,0,0,0,0,0,0,0,0,0,0,0,0,1,1,1,1,1,1,0.333333333333333,0,0,0,0,0,0,0,0.333333333333333,0,0,0.333333333333333,0,0,0,0,0,0,0,0,0,0,0
"YO180",0.333333333333333,0.333333333333333,0.333333333333333,0.5,0.333333333333333,0,0.333333333333333,0.333333333333333,0.333333333333333,1,1,1,1,1,1,0.333333333333333,0.333333333333333,0.333333333333333,0.333333333333333,0.333333333333333,0.333333333333333,0.333333333333333,0.333333333333333,0.333333333333333,0.333333333333333,0.333333333333333,0.333333333333333,0.333333333333333,0.333333333333333,0.333333333333333,0.333333333333333,0.333333333333333,0.333333333333333,0.333333333333333,0.333333333333333,0.333333333333333,0.333333333333333,0.333333333333333,0.333333333333333,1,0.333333333333333,0.333333333333333,0.333333333333333,0.333333333333333,0.333333333333333,0.333333333333333,0.333333333333333,0.333333333333333,0.333333333333333,0.333333333333333,0.333333333333333,0.333333333333333,0.333333333333333,0.333333333333333,0.333333333333333,0.333333333333333,0.333333333333333,0.333333333333333,0.333333333333333,0.333333333333333,0.333333333333333,0.333333333333333,0.333333333333333,0.333333333333333,0.333333333333333,0.333333333333333,0.333333333333333,1,1,1,1,1,1,0,0.333333333333333,0.333333333333333,0.333333333333333,0.333333333333333,0.333333333333333,0.333333333333333,0.333333333333333,0,0.333333333333333,0.333333333333333,0,0.333333333333333,0.333333333333333,0.333333333333333,0.333333333333333,0.333333333333333,0.333333333333333,0.333333333333333,0.333333333333333,0.333333333333333,0.333333333333333,0.333333333333333
"YO181",0,0,0,0.2,0,0.333333333333333,0,0,0,1,1,1,1,1,1,0,0,0,0,0,0,0,0,0,0,0,0,0,0,0,0,0,0,0,0,0,0,0,0,1,0,0,0,0,0,0,0,0,0,0,0,0,0,0,0,0,0,0,0,0,0,0,0,0,0,0,0,1,1,1,1,1,1,0.333333333333333,0,0,0,0,0,0,0,0.333333333333333,0,0,0.333333333333333,0,0,0,0,0,0,0,0,0,0,0
"YO183",0,0,0,0.2,0,0.333333333333333,0,0,0,1,1,1,1,1,1,0,0,0,0,0,0,0,0,0,0,0,0,0,0,0,0,0,0,0,0,0,0,0,0,1,0,0,0,0,0,0,0,0,0,0,0,0,0,0,0,0,0,0,0,0,0,0,0,0,0,0,0,1,1,1,1,1,1,0.333333333333333,0,0,0,0,0,0,0,0.333333333333333,0,0,0.333333333333333,0,0,0,0,0,0,0,0,0,0,0
"YO184",0,0,0,0.2,0,0.333333333333333,0,0,0,1,1,1,1,1,1,0,0,0,0,0,0,0,0,0,0,0,0,0,0,0,0,0,0,0,0,0,0,0,0,1,0,0,0,0,0,0,0,0,0,0,0,0,0,0,0,0,0,0,0,0,0,0,0,0,0,0,0,1,1,1,1,1,1,0.333333333333333,0,0,0,0,0,0,0,0.333333333333333,0,0,0.333333333333333,0,0,0,0,0,0,0,0,0,0,0
"YO185",0,0,0,0.2,0,0.333333333333333,0,0,0,1,1,1,1,1,1,0,0,0,0,0,0,0,0,0,0,0,0,0,0,0,0,0,0,0,0,0,0,0,0,1,0,0,0,0,0,0,0,0,0,0,0,0,0,0,0,0,0,0,0,0,0,0,0,0,0,0,0,1,1,1,1,1,1,0.333333333333333,0,0,0,0,0,0,0,0.333333333333333,0,0,0.333333333333333,0,0,0,0,0,0,0,0,0,0,0
"YO199",0,0,0,0.2,0,0.333333333333333,0,0,0,1,1,1,1,1,1,0,0,0,0,0,0,0,0,0,0,0,0,0,0,0,0,0,0,0,0,0,0,0,0,1,0,0,0,0,0,0,0,0,0,0,0,0,0,0,0,0,0,0,0,0,0,0,0,0,0,0,0,1,1,1,1,1,1,0.333333333333333,0,0,0,0,0,0,0,0.333333333333333,0,0,0.333333333333333,0,0,0,0,0,0,0,0,0,0,0
"YO204",0,0,0,0.2,0,0.333333333333333,0,0,0,1,1,1,1,1,1,0,0,0,0,0,0,0,0,0,0,0,0,0,0,0,0,0,0,0,0,0,0,0,0,1,0,0,0,0,0,0,0,0,0,0,0,0,0,0,0,0,0,0,0,0,0,0,0,0,0,0,0,1,1,1,1,1,1,0.333333333333333,0,0,0,0,0,0,0,0.333333333333333,0,0,0.333333333333333,0,0,0,0,0,0,0,0,0,0,0
"YO352",0,0,0,0.2,0,0.333333333333333,0,0,0,1,1,1,1,1,1,0,0,0,0,0,0,0,0,0,0,0,0,0,0,0,0,0,0,0,0,0,0,0,0,1,0,0,0,0,0,0,0,0,0,0,0,0,0,0,0,0,0,0,0,0,0,0,0,0,0,0,0,1,1,1,1,1,1,0.333333333333333,0,0,0,0,0,0,0,0.333333333333333,0,0,0.333333333333333,0,0,0,0,0,0,0,0,0,0,0
"YO356",0,0,0,0.2,0,0.333333333333333,0,0,0,1,1,1,1,1,1,0,0,0,0,0,0,0,0,0,0,0,0,0,0,0,0,0,0,0,0,0,0,0,0,1,0,0,0,0,0,0,0,0,0,0,0,0,0,0,0,0,0,0,0,0,0,0,0,0,0,0,0,1,1,1,1,1,1,0.333333333333333,0,0,0,0,0,0,0,0.333333333333333,0,0,0.333333333333333,0,0,0,0,0,0,0,0,0,0,0
"YO357",0,0,0,0.2,0,0.333333333333333,0,0,0,1,1,1,1,1,1,0,0,0,0,0,0,0,0,0,0,0,0,0,0,0,0,0,0,0,0,0,0,0,0,1,0,0,0,0,0,0,0,0,0,0,0,0,0,0,0,0,0,0,0,0,0,0,0,0,0,0,0,1,1,1,1,1,1,0.333333333333333,0,0,0,0,0,0,0,0.333333333333333,0,0,0.333333333333333,0,0,0,0,0,0,0,0,0,0,0
"YO359",0,0,0,0.2,0,0.333333333333333,0,0,0,1,1,1,1,1,1,0,0,0,0,0,0,0,0,0,0,0,0,0,0,0,0,0,0,0,0,0,0,0,0,1,0,0,0,0,0,0,0,0,0,0,0,0,0,0,0,0,0,0,0,0,0,0,0,0,0,0,0,1,1,1,1,1,1,0.333333333333333,0,0,0,0,0,0,0,0.333333333333333,0,0,0.333333333333333,0,0,0,0,0,0,0,0,0,0,0
"YO380",0,0,0,0.2,0,0.333333333333333,0,0,0,1,1,1,1,1,1,0,0,0,0,0,0,0,0,0,0,0,0,0,0,0,0,0,0,0,0,0,0,0,0,1,0,0,0,0,0,0,0,0,0,0,0,0,0,0,0,0,0,0,0,0,0,0,0,0,0,0,0,1,1,1,1,1,1,0.333333333333333,0,0,0,0,0,0,0,0.333333333333333,0,0,0.333333333333333,0,0,0,0,0,0,0,0,0,0,0
